INSERT INTO game(id, name) VALUES(1, 'Game1');
INSERT INTO game(id, name) VALUES(2, 'Game2');
INSERT INTO game(id, name) VALUES(3, 'Game3');
INSERT INTO game(id, name) VALUES(4, 'Game4');
INSERT INTO game(id, name) VALUES(5, 'Game5');
INSERT INTO game(id, name) VALUES(6, 'Game6');

INSERT INTO player(id, name) VALUES(1, 'Player1');
INSERT INTO player(id, name) VALUES(2, 'Player2');
INSERT INTO player(id, name) VALUES(3, 'Player3');
INSERT INTO player(id, name) VALUES(4, 'Player4');
INSERT INTO player(id, name) VALUES(5, 'Player5');
INSERT INTO player(id, name) VALUES(6, 'Player6');

INSERT INTO game_data(id, player_id, game_id) VALUES(1,1,1);
INSERT INTO game_data(id, player_id, game_id) VALUES(2,1,2);
INSERT INTO game_data(id, player_id, game_id) VALUES(3,1,3);
INSERT INTO game_data(id, player_id, game_id) VALUES(4,1,4);
INSERT INTO game_data(id, player_id, game_id) VALUES(5,1,5);
INSERT INTO game_data(id, player_id, game_id) VALUES(6,1,6);
INSERT INTO game_data(id, player_id, game_id) VALUES(7,2,2);
INSERT INTO game_data(id, player_id, game_id) VALUES(8,2,3);
INSERT INTO game_data(id, player_id, game_id) VALUES(9,2,4);
INSERT INTO game_data(id, player_id, game_id) VALUES(10,2,5);
INSERT INTO game_data(id, player_id, game_id) VALUES(11,2,6);
INSERT INTO game_data(id, player_id, game_id) VALUES(12,3,3);
INSERT INTO game_data(id, player_id, game_id) VALUES(13,3,4);
INSERT INTO game_data(id, player_id, game_id) VALUES(14,3,5);
INSERT INTO game_data(id, player_id, game_id) VALUES(15,3,6);
INSERT INTO game_data(id, player_id, game_id) VALUES(16,4,4);
INSERT INTO game_data(id, player_id, game_id) VALUES(17,4,5);
INSERT INTO game_data(id, player_id, game_id) VALUES(18,4,6);
INSERT INTO game_data(id, player_id, game_id) VALUES(19,5,5);
INSERT INTO game_data(id, player_id, game_id) VALUES(20,5,6);
INSERT INTO game_data(id, player_id, game_id) VALUES(21,6,6);
